#CODE;ENGLISH;FRENCH;GERMAN;;SPANISH;;;;;;;;;x
W_L_2;https://forums.massivecraft.com/threads/house-Óltorskr.108659/;;;;;;;;;;;;x
W_L_3;https://forums.massivecraft.com/threads/house-Óltorskr.108659/;;;;;;;;;;;;x
W_L_4;https://forums.massivecraft.com/threads/house-Óltorskr.108659/;;;;;;;;;;;;x
W_L_6;https://forums.massivecraft.com/threads/house-Óltorskr.108659/;;;;;;;;;;;;x
W_L_7;https://forums.massivecraft.com/threads/house-Óltorskr.108659/;;;;;;;;;;;;x
W_L_8;https://forums.massivecraft.com/threads/house-Óltorskr.108659/;;;;;;;;;;;;x
W_L_9;https://forums.massivecraft.com/threads/house-Óltorskr.108659/;;;;;;;;;;;;x
W_L_10;https://forums.massivecraft.com/threads/house-Óltorskr.108659/;;;;;;;;;;;;x
W_L_11;https://forums.massivecraft.com/threads/house-ravenstad.38657/;;;;;;;;;;;;x
W_L_12;https://forums.massivecraft.com/threads/house-ravenstad.38657/;;;;;;;;;;;;x
W_L_13;https://forums.massivecraft.com/threads/house-ravenstad.38657/;;;;;;;;;;;;x
W_L_15;https://forums.massivecraft.com/threads/house-ravenstad.38657/;;;;;;;;;;;;x
W_L_16;https://forums.massivecraft.com/threads/house-ravenstad.38657/;;;;;;;;;;;;x
W_L_19;https://forums.massivecraft.com/threads/house-ravenstad.38657/;;;;;;;;;;;;x
W_L_20;https://forums.massivecraft.com/threads/house-ravenstad.38657/;;;;;;;;;;;;x
W_L_21;https://forums.massivecraft.com/threads/house-ravenstad.38657/;;;;;;;;;;;;x
W_L_23;https://forums.massivecraft.com/threads/house-ravenstad.38657/;;;;;;;;;;;;x
W_L_25;https://forums.massivecraft.com/threads/house-ravenstad.38657/;;;;;;;;;;;;x
W_L_26;https://forums.massivecraft.com/threads/house-ravenstad.38657/;;;;;;;;;;;;x
W_L_28;https://forums.massivecraft.com/threads/house-ravenstad.38657/;;;;;;;;;;;;x
W_L_29;https://forums.massivecraft.com/threads/house-ravenstad.38657/;;;;;;;;;;;;x
W_L_30;https://forums.massivecraft.com/threads/house-ravenstad.38657/;;;;;;;;;;;;x
W_L_32;https://forums.massivecraft.com/threads/house-ravenstad.38657/;;;;;;;;;;;;x
W_L_33;https://forums.massivecraft.com/threads/house-ravenstad.38657/;;;;;;;;;;;;x
W_L_34;https://forums.massivecraft.com/threads/house-ravenstad.38657/;;;;;;;;;;;;x
W_L_35;https://forums.massivecraft.com/threads/house-ravenstad.38657/;;;;;;;;;;;;x
W_L_37;https://forums.massivecraft.com/threads/house-typhonus.73670/;;;;;;;;;;;;x
W_L_38;https://forums.massivecraft.com/threads/house-typhonus.73670/;;;;;;;;;;;;x
W_L_40;https://forums.massivecraft.com/threads/house-typhonus.73670/;;;;;;;;;;;;x
W_L_41;https://forums.massivecraft.com/threads/house-typhonus.73670/;;;;;;;;;;;;x
W_L_42;https://forums.massivecraft.com/threads/house-typhonus.73670/;;;;;;;;;;;;x
W_L_43;https://forums.massivecraft.com/threads/house-typhonus.73670/;;;;;;;;;;;;x
W_L_44;https://forums.massivecraft.com/threads/house-typhonus.73670/;;;;;;;;;;;;x
W_L_45;https://forums.massivecraft.com/threads/house-typhonus.73670/;;;;;;;;;;;;x
W_L_46;https://forums.massivecraft.com/threads/house-typhonus.73670/;;;;;;;;;;;;x
W_L_47;https://forums.massivecraft.com/threads/house-typhonus.73670/;;;;;;;;;;;;x
W_L_48;https://forums.massivecraft.com/threads/house-typhonus.73670/;;;;;;;;;;;;x
W_L_49;https://forums.massivecraft.com/threads/house-typhonus.73670/;;;;;;;;;;;;x
W_L_50;https://forums.massivecraft.com/threads/house-typhonus.73670/;;;;;;;;;;;;x
W_L_51;https://forums.massivecraft.com/threads/house-typhonus.73670/;;;;;;;;;;;;x
W_L_52;https://forums.massivecraft.com/threads/house-typhonus.73670/;;;;;;;;;;;;x
W_L_53;https://forums.massivecraft.com/threads/house-typhonus.73670/;;;;;;;;;;;;x
W_L_54;https://forums.massivecraft.com/threads/house-typhonus.73670/;;;;;;;;;;;;x
W_L_55;https://forums.massivecraft.com/threads/house-typhonus.73670/;;;;;;;;;;;;x
W_L_56;https://forums.massivecraft.com/threads/house-typhonus.73670/;;;;;;;;;;;;x
W_L_57;https://forums.massivecraft.com/threads/house-typhonus.73670/;;;;;;;;;;;;x
W_L_58;https://forums.massivecraft.com/threads/house-typhonus.73670/;;;;;;;;;;;;x
W_L_59;https://forums.massivecraft.com/threads/house-typhonus.73670/;;;;;;;;;;;;x
W_L_60;https://forums.massivecraft.com/threads/house-typhonus.73670/;;;;;;;;;;;;x
W_L_61;https://forums.massivecraft.com/threads/house-typhonus.73670/;;;;;;;;;;;;x
W_L_138;https://forums.massivecraft.com/threads/house-Óltorskr.108659/;;;;;;;;;;;;x
W_L_182;https://forums.massivecraft.com/threads/house-howlester.42077/;;;;;;;;;;;;x
W_L_183;https://wiki.massivecraft.com/Regalian_Actors#Duchy-Elect_of_Westdale;;;;;;;;;;;;x
W_L_184;https://forums.massivecraft.com/threads/house-howlester.42077/;;;;;;;;;;;;x
W_L_185;https://wiki.massivecraft.com/Raffaello_Lamperni;;;;;;;;;;;;x
W_L_186;https://forums.massivecraft.com/threads/house-howlester.42077/;;;;;;;;;;;;x
W_L_187;https://forums.massivecraft.com/threads/house-howlester.42077/;;;;;;;;;;;;x
W_L_188;https://forums.massivecraft.com/threads/house-howlester.42077/;;;;;;;;;;;;x
W_L_189;https://forums.massivecraft.com/threads/house-howlester.42077/;;;;;;;;;;;;x
W_L_190;https://forums.massivecraft.com/threads/house-howlester.42077/;;;;;;;;;;;;x
W_L_191;https://forums.massivecraft.com/threads/house-howlester.42077/;;;;;;;;;;;;x
W_L_192;https://forums.massivecraft.com/threads/house-howlester.42077/;;;;;;;;;;;;x
W_L_193;https://forums.massivecraft.com/threads/house-howlester.42077/;;;;;;;;;;;;x
W_L_194;https://forums.massivecraft.com/threads/house-howlester.42077/;;;;;;;;;;;;x
W_L_195;https://forums.massivecraft.com/threads/house-howlester.42077/;;;;;;;;;;;;x
W_L_196;https://forums.massivecraft.com/threads/house-howlester.42077/;;;;;;;;;;;;x
W_L_197;https://forums.massivecraft.com/threads/house-howlester.42077/;;;;;;;;;;;;x
W_L_198;https://forums.massivecraft.com/threads/house-howlester.42077/;;;;;;;;;;;;x
W_L_200;https://forums.massivecraft.com/threads/house-howlester.42077/;;;;;;;;;;;;x
W_L_201;https://forums.massivecraft.com/threads/house-howlester.42077/;;;;;;;;;;;;x
W_L_202;https://forums.massivecraft.com/threads/house-howlester.42077/;;;;;;;;;;;;x
W_L_203;https://forums.massivecraft.com/threads/house-deluise.41353/;;;;;;;;;;;;x
W_L_204;https://forums.massivecraft.com/threads/house-howlester.42077/;;;;;;;;;;;;x
W_L_205;https://forums.massivecraft.com/threads/house-howlester.42077/;;;;;;;;;;;;x
W_L_206;https://forums.massivecraft.com/threads/house-black.11035/;;;;;;;;;;;;x
W_L_207;https://forums.massivecraft.com/threads/house-howlester.42077/;;;;;;;;;;;;x
W_L_209;https://forums.massivecraft.com/threads/house-howlester.42077/;;;;;;;;;;;;x
W_L_210;https://forums.massivecraft.com/threads/house-ravenstad.38657/;;;;;;;;;;;;x
W_L_212;https://forums.massivecraft.com/threads/house-howlester.42077/;;;;;;;;;;;;x
W_L_213;https://forums.massivecraft.com/threads/house-howlester.42077/;;;;;;;;;;;;x
W_L_215;https://forums.massivecraft.com/threads/house-howlester.42077/;;;;;;;;;;;;x
W_L_216;https://forums.massivecraft.com/threads/house-howlester.42077/;;;;;;;;;;;;x
W_L_217;https://forums.massivecraft.com/threads/house-howlester.42077/;;;;;;;;;;;;x
W_L_218;https://forums.massivecraft.com/threads/house-howlester.42077/;;;;;;;;;;;;x
W_L_219;https://forums.massivecraft.com/threads/house-howlester.42077/;;;;;;;;;;;;x
W_L_220;https://forums.massivecraft.com/threads/house-howlester.42077/;;;;;;;;;;;;x
W_L_221;https://forums.massivecraft.com/threads/house-howlester.42077/;;;;;;;;;;;;x
W_L_222;https://forums.massivecraft.com/threads/house-howlester.42077/;;;;;;;;;;;;x
W_L_223;https://forums.massivecraft.com/threads/house-howlester.42077/;;;;;;;;;;;;x
W_L_224;https://forums.massivecraft.com/threads/house-von-drachenburg.81752/;;;;;;;;;;;;x
W_L_225;https://forums.massivecraft.com/threads/house-von-drachenburg.81752/;;;;;;;;;;;;x
W_L_227;https://forums.massivecraft.com/threads/house-von-drachenburg.81752/;;;;;;;;;;;;x
W_L_228;https://forums.massivecraft.com/threads/house-von-drachenburg.81752/;;;;;;;;;;;;x
W_L_229;https://forums.massivecraft.com/threads/house-von-drachenburg.81752/;;;;;;;;;;;;x
W_L_230;https://forums.massivecraft.com/threads/house-von-drachenburg.81752/;;;;;;;;;;;;x
W_L_231;https://forums.massivecraft.com/threads/house-von-drachenburg.81752/;;;;;;;;;;;;x
W_L_232;https://forums.massivecraft.com/threads/house-von-drachenburg.81752/;;;;;;;;;;;;x
W_L_233;https://forums.massivecraft.com/threads/house-von-drachenburg.81752/;;;;;;;;;;;;x
W_L_234;https://forums.massivecraft.com/threads/house-von-drachenburg.81752/;;;;;;;;;;;;x
W_L_235;https://forums.massivecraft.com/threads/house-von-drachenburg.81752/;;;;;;;;;;;;x
W_L_236;https://forums.massivecraft.com/threads/house-von-drachenburg.81752/;;;;;;;;;;;;x
W_L_237;https://forums.massivecraft.com/threads/house-von-drachenburg.81752/;;;;;;;;;;;;x
W_L_238;https://forums.massivecraft.com/threads/house-von-drachenburg.81752/;;;;;;;;;;;;x
W_L_239;https://forums.massivecraft.com/threads/house-von-drachenburg.81752/;;;;;;;;;;;;x
W_L_240;https://forums.massivecraft.com/threads/house-von-drachenburg.81752/;;;;;;;;;;;;x
W_L_241;https://forums.massivecraft.com/threads/house-von-drachenburg.81752/;;;;;;;;;;;;x
W_L_243;https://forums.massivecraft.com/threads/house-von-drachenburg.81752/;;;;;;;;;;;;x
W_L_244;https://forums.massivecraft.com/threads/house-von-drachenburg.81752/;;;;;;;;;;;;x
W_L_256;https://forums.massivecraft.com/threads/house-delmotte.75683/;;;;;;;;;;;;x
W_L_257;https://forums.massivecraft.com/threads/house-delmotte.75683/;;;;;;;;;;;;x
W_L_258;https://forums.massivecraft.com/threads/house-delmotte.75683/;;;;;;;;;;;;x
W_L_259;https://forums.massivecraft.com/threads/house-delmotte.75683/;;;;;;;;;;;;x
W_L_260;https://forums.massivecraft.com/threads/house-delmotte.75683/;;;;;;;;;;;;x
W_L_261;https://forums.massivecraft.com/threads/house-delmotte.75683/;;;;;;;;;;;;x
W_L_262;https://forums.massivecraft.com/threads/house-delmotte.75683/;;;;;;;;;;;;x
W_L_263;https://forums.massivecraft.com/threads/house-delmotte.75683/;;;;;;;;;;;;x
W_L_264;https://forums.massivecraft.com/threads/house-delmotte.75683/;;;;;;;;;;;;x
W_L_265;https://forums.massivecraft.com/threads/house-delmotte.75683/;;;;;;;;;;;;x
W_L_315;https://forums.massivecraft.com/threads/house-wodenstaff.44594/;;;;;;;;;;;;x
W_L_316;https://forums.massivecraft.com/threads/house-ravenstad.38657/;;;;;;;;;;;;x
W_L_317;https://forums.massivecraft.com/threads/house-black.11035/;;;;;;;;;;;;x
W_L_318;https://forums.massivecraft.com/threads/house-black.11035/;;;;;;;;;;;;x
W_L_319;https://forums.massivecraft.com/threads/house-black.11035/;;;;;;;;;;;;x
W_L_320;https://forums.massivecraft.com/threads/house-black.11035/;;;;;;;;;;;;x
W_L_321;https://forums.massivecraft.com/threads/house-black.11035/;;;;;;;;;;;;x
W_L_322;https://forums.massivecraft.com/threads/house-black.11035/;;;;;;;;;;;;x
W_L_325;https://forums.massivecraft.com/threads/house-deluise.41353/;;;;;;;;;;;;x
W_L_327;https://forums.massivecraft.com/threads/house-deluise.41353/;;;;;;;;;;;;x
W_L_328;https://forums.massivecraft.com/threads/house-deluise.41353/;;;;;;;;;;;;x
W_L_331;https://forums.massivecraft.com/threads/house-deluise.41353/;;;;;;;;;;;;x
W_L_332;https://forums.massivecraft.com/threads/house-deluise.41353/;;;;;;;;;;;;x
W_L_333;https://forums.massivecraft.com/threads/house-deluise.41353/;;;;;;;;;;;;x
W_L_334;https://forums.massivecraft.com/threads/house-deluise.41353/;;;;;;;;;;;;x
W_L_335;https://forums.massivecraft.com/threads/house-deluise.41353/;;;;;;;;;;;;x
W_L_337;https://forums.massivecraft.com/threads/house-deluise.41353/;;;;;;;;;;;;x
W_L_339;https://forums.massivecraft.com/threads/house-deluise.41353/;;;;;;;;;;;;x
W_L_340;https://forums.massivecraft.com/threads/house-deluise.41353/;;;;;;;;;;;;x
W_L_342;https://forums.massivecraft.com/threads/house-deluise.41353/;;;;;;;;;;;;x
W_L_343;https://forums.massivecraft.com/threads/house-deluise.41353/;;;;;;;;;;;;x
W_L_344;https://forums.massivecraft.com/threads/house-deluise.41353/;;;;;;;;;;;;x
W_L_345;https://forums.massivecraft.com/threads/house-sorenvik.67563/;;;;;;;;;;;;x
W_L_349;https://forums.massivecraft.com/threads/tristan-kade.27543/;;;;;;;;;;;;x
W_L_351;https://wiki.massivecraft.com/Raffaello_Lamperni;;;;;;;;;;;;x
W_L_352;https://wiki.massivecraft.com/Raffaello_Lamperni;;;;;;;;;;;;x
W_L_355;https://forums.massivecraft.com/threads/house-di-orazio.87520/;;;;;;;;;;;;x
W_L_357;https://forums.massivecraft.com/threads/house-di-orazio.87520/;;;;;;;;;;;;x
W_L_359;https://forums.massivecraft.com/threads/house-di-orazio.87520/;;;;;;;;;;;;x
W_L_361;https://forums.massivecraft.com/threads/house-di-orazio.87520/;;;;;;;;;;;;x
W_L_362;https://forums.massivecraft.com/threads/house-di-orazio.87520/;;;;;;;;;;;;x
W_L_364;https://forums.massivecraft.com/threads/house-di-orazio.87520/;;;;;;;;;;;;x
W_L_366;https://forums.massivecraft.com/threads/house-di-orazio.87520/;;;;;;;;;;;;x
W_L_367;https://forums.massivecraft.com/threads/house-di-orazio.87520/;;;;;;;;;;;;x
W_L_368;https://forums.massivecraft.com/threads/house-di-orazio.87520/;;;;;;;;;;;;x
W_L_369;https://forums.massivecraft.com/threads/house-di-orazio.87520/;;;;;;;;;;;;x
W_L_371;https://forums.massivecraft.com/threads/house-di-orazio.87520/;;;;;;;;;;;;x
W_L_372;https://forums.massivecraft.com/threads/house-di-orazio.87520/;;;;;;;;;;;;x
W_L_373;https://forums.massivecraft.com/threads/house-di-orazio.87520/;;;;;;;;;;;;x
W_L_380;https://forums.massivecraft.com/threads/house-di-orazio.87520/;;;;;;;;;;;;x
W_L_384;https://forums.massivecraft.com/threads/house-di-orazio.87520/;;;;;;;;;;;;x
W_L_385;https://forums.massivecraft.com/threads/house-di-orazio.87520/;;;;;;;;;;;;x
W_L_386;https://forums.massivecraft.com/threads/house-di-orazio.87520/;;;;;;;;;;;;x
W_L_390;https://forums.massivecraft.com/threads/house-harhold.58890/;;;;;;;;;;;;x
W_L_392;https://forums.massivecraft.com/threads/house-harhold.58890/;;;;;;;;;;;;x
W_L_394;https://forums.massivecraft.com/threads/house-harhold.58890/;;;;;;;;;;;;x
W_L_396;https://forums.massivecraft.com/threads/house-harhold.58890/;;;;;;;;;;;;x
W_L_397;https://forums.massivecraft.com/threads/house-harhold.58890/;;;;;;;;;;;;x
W_L_398;https://forums.massivecraft.com/threads/house-harhold.58890/;;;;;;;;;;;;x
W_L_399;https://forums.massivecraft.com/threads/house-harhold.58890/;;;;;;;;;;;;x
W_L_400;https://forums.massivecraft.com/threads/house-harhold.58890/;;;;;;;;;;;;x
W_L_401;https://forums.massivecraft.com/threads/house-harhold.58890/;;;;;;;;;;;;x
W_L_402;https://forums.massivecraft.com/threads/house-harhold.58890/;;;;;;;;;;;;x
W_L_403;https://forums.massivecraft.com/threads/house-harhold.58890/;;;;;;;;;;;;x
W_L_404;https://forums.massivecraft.com/threads/house-harhold.58890/;;;;;;;;;;;;x
W_L_405;https://forums.massivecraft.com/threads/house-harhold.58890/;;;;;;;;;;;;x
W_L_406;https://forums.massivecraft.com/threads/house-harhold.58890/;;;;;;;;;;;;x
W_L_409;https://forums.massivecraft.com/threads/house-harhold.58890/;;;;;;;;;;;;x
W_L_410;https://forums.massivecraft.com/threads/house-harhold.58890/;;;;;;;;;;;;x
W_L_418;https://forums.massivecraft.com/threads/%E2%84%A3-house-valeur-%E2%84%A3.35589/;;;;;;;;;;;;x
W_L_419;https://forums.massivecraft.com/threads/%E2%84%A3-house-valeur-%E2%84%A3.35589/;;;;;;;;;;;;x
W_L_424;https://forums.massivecraft.com/threads/%E2%84%A3-house-valeur-%E2%84%A3.35589/;;;;;;;;;;;;x
W_L_426;https://reinard.fandom.com/wiki/House_Reinard_Wiki;;;;;;;;;;;;x
W_L_428;https://forums.massivecraft.com/threads/%E2%84%A3-house-valeur-%E2%84%A3.35589/;;;;;;;;;;;;x
W_L_430;https://forums.massivecraft.com/threads/%E2%84%A3-house-valeur-%E2%84%A3.35589/;;;;;;;;;;;;x
W_L_431;https://forums.massivecraft.com/threads/%E2%84%A3-house-valeur-%E2%84%A3.35589/;;;;;;;;;;;;x
W_L_432;https://forums.massivecraft.com/threads/%E2%84%A3-house-valeur-%E2%84%A3.35589/;;;;;;;;;;;;x
W_L_433;https://forums.massivecraft.com/threads/%E2%84%A3-house-valeur-%E2%84%A3.35589/;;;;;;;;;;;;x
W_L_435;https://forums.massivecraft.com/threads/%E2%84%A3-house-valeur-%E2%84%A3.35589/;;;;;;;;;;;;x
W_L_438;https://forums.massivecraft.com/threads/%E2%84%A3-house-valeur-%E2%84%A3.35589/;;;;;;;;;;;;x
W_L_439;https://reinard.fandom.com/wiki/House_Reinard_Wiki;;;;;;;;;;;;x
W_L_440;https://forums.massivecraft.com/threads/%E2%84%A3-house-valeur-%E2%84%A3.35589/;;;;;;;;;;;;x
W_L_441;https://forums.massivecraft.com/threads/%E2%84%A3-house-valeur-%E2%84%A3.35589/;;;;;;;;;;;;x
W_L_442;https://forums.massivecraft.com/threads/%E2%84%A3-house-valeur-%E2%84%A3.35589/;;;;;;;;;;;;x
W_L_443;https://forums.massivecraft.com/threads/%E2%84%A3-house-valeur-%E2%84%A3.35589/;;;;;;;;;;;;x
W_L_444;https://forums.massivecraft.com/threads/house-von-moritz.94115/;;;;;;;;;;;;x
W_L_445;https://wiki.massivecraft.com/Regalian_Actors#Duchy-Elect_of_Westdale;;;;;;;;;;;;x
W_L_446;https://forums.massivecraft.com/threads/house-von-moritz.94115/;;;;;;;;;;;;x
W_L_448;https://forums.massivecraft.com/threads/house-von-moritz.94115/;;;;;;;;;;;;x
W_L_450;https://forums.massivecraft.com/threads/house-von-moritz.94115/;;;;;;;;;;;;x
W_L_452;https://forums.massivecraft.com/threads/house-von-moritz.94115/;;;;;;;;;;;;x
W_L_455;https://forums.massivecraft.com/threads/house-von-moritz.94115/;;;;;;;;;;;;x
W_L_456;https://forums.massivecraft.com/threads/house-von-moritz.94115/;;;;;;;;;;;;x
W_L_457;https://forums.massivecraft.com/threads/house-von-moritz.94115/;;;;;;;;;;;;x
W_L_460;https://forums.massivecraft.com/threads/house-von-moritz.94115/;;;;;;;;;;;;x
W_L_461;https://forums.massivecraft.com/threads/house-von-moritz.94115/;;;;;;;;;;;;x
W_L_462;https://forums.massivecraft.com/threads/house-von-moritz.94115/;;;;;;;;;;;;x
W_L_463;https://forums.massivecraft.com/threads/house-von-moritz.94115/;;;;;;;;;;;;x
W_L_464;https://forums.massivecraft.com/threads/house-von-moritz.94115/;;;;;;;;;;;;x
W_L_465;https://forums.massivecraft.com/threads/house-von-moritz.94115/;;;;;;;;;;;;x
W_L_468;https://wiki.massivecraft.com/Raffaello_Lamperni;;;;;;;;;;;;x
W_L_469;https://wiki.massivecraft.com/Raffaello_Lamperni;;;;;;;;;;;;x
W_L_474;https://forums.massivecraft.com/threads/house-von-moritz.94115/;;;;;;;;;;;;x
W_L_475;https://forums.massivecraft.com/threads/house-von-moritz.94115/;;;;;;;;;;;;x
W_L_476;https://forums.massivecraft.com/threads/house-von-moritz.94115/;;;;;;;;;;;;x
W_L_477;https://forums.massivecraft.com/threads/house-von-moritz.94115/;;;;;;;;;;;;x
W_L_478;https://wiki.massivecraft.com/Regalian_Actors#Duchy-Elect_of_Westdale;;;;;;;;;;;;x
W_L_479;https://forums.massivecraft.com/threads/house-von-moritz.94115/;;;;;;;;;;;;x
W_L_480;https://reinard.fandom.com/wiki/House_Reinard_Wiki;;;;;;;;;;;;x
W_L_481;https://forums.massivecraft.com/threads/house-von-drachenburg.81752/;;;;;;;;;;;;x
W_L_482;https://reinard.fandom.com/wiki/House_Reinard_Wiki;;;;;;;;;;;;x
W_L_485;https://reinard.fandom.com/wiki/House_Reinard_Wiki;;;;;;;;;;;;x
W_L_486;https://reinard.fandom.com/wiki/House_Reinard_Wiki;;;;;;;;;;;;x
W_L_487;https://reinard.fandom.com/wiki/House_Reinard_Wiki;;;;;;;;;;;;x
W_L_488;https://reinard.fandom.com/wiki/House_Reinard_Wiki;;;;;;;;;;;;x
W_L_489;https://reinard.fandom.com/wiki/House_Reinard_Wiki;;;;;;;;;;;;x
W_L_490;https://reinard.fandom.com/wiki/House_Reinard_Wiki;;;;;;;;;;;;x
W_L_491;https://reinard.fandom.com/wiki/House_Reinard_Wiki;;;;;;;;;;;;x
W_L_492;https://reinard.fandom.com/wiki/House_Reinard_Wiki;;;;;;;;;;;;x
W_L_493;https://reinard.fandom.com/wiki/House_Reinard_Wiki;;;;;;;;;;;;x
W_L_494;https://reinard.fandom.com/wiki/House_Reinard_Wiki;;;;;;;;;;;;x
W_L_495;https://reinard.fandom.com/wiki/House_Reinard_Wiki;;;;;;;;;;;;x
W_L_496;https://reinard.fandom.com/wiki/House_Reinard_Wiki;;;;;;;;;;;;x
W_L_497;https://reinard.fandom.com/wiki/House_Reinard_Wiki;;;;;;;;;;;;x
W_L_498;https://reinard.fandom.com/wiki/House_Reinard_Wiki;;;;;;;;;;;;x
W_L_499;https://forums.massivecraft.com/threads/house-von-drachenburg.81752/;;;;;;;;;;;;x
W_L_500;https://forums.massivecraft.com/threads/house-amaya.73348/;;;;;;;;;;;;x
W_L_502;https://forums.massivecraft.com/threads/house-amaya.73348/;;;;;;;;;;;;x
W_L_504;https://forums.massivecraft.com/threads/house-amaya.73348/;;;;;;;;;;;;x
W_L_505;https://forums.massivecraft.com/threads/house-amaya.73348/;;;;;;;;;;;;x
W_L_507;https://forums.massivecraft.com/threads/house-amaya.73348/;;;;;;;;;;;;x
W_L_508;https://forums.massivecraft.com/threads/house-amaya.73348/;;;;;;;;;;;;x
W_L_509;https://forums.massivecraft.com/threads/house-amaya.73348/;;;;;;;;;;;;x
W_L_510;https://forums.massivecraft.com/threads/house-amaya.73348/;;;;;;;;;;;;x
W_L_511;https://forums.massivecraft.com/threads/house-amaya.73348/;;;;;;;;;;;;x
W_L_512;https://forums.massivecraft.com/threads/house-amaya.73348/;;;;;;;;;;;;x
W_L_522;https://forums.massivecraft.com/threads/house-bancroft.91335/;;;;;;;;;;;;x
W_L_524;https://forums.massivecraft.com/threads/house-bancroft.91335/;;;;;;;;;;;;x
W_L_525;https://forums.massivecraft.com/threads/house-bancroft.91335/;;;;;;;;;;;;x
W_L_526;https://forums.massivecraft.com/threads/house-bancroft.91335/;;;;;;;;;;;;x
W_L_527;https://forums.massivecraft.com/threads/house-bancroft.91335/;;;;;;;;;;;;x
W_L_528;https://forums.massivecraft.com/threads/house-bancroft.91335/;;;;;;;;;;;;x
W_L_529;https://forums.massivecraft.com/threads/house-bancroft.91335/;;;;;;;;;;;;x
W_L_531;https://forums.massivecraft.com/threads/house-bancroft.91335/;;;;;;;;;;;;x
W_L_533;https://forums.massivecraft.com/threads/house-bancroft.91335/;;;;;;;;;;;;x
W_L_535;https://forums.massivecraft.com/threads/house-du-brier%C3%BCst.82031/;;;;;;;;;;;;x
W_L_537;https://forums.massivecraft.com/threads/house-du-brier%C3%BCst.82031/;;;;;;;;;;;;x
W_L_538;https://forums.massivecraft.com/threads/house-du-brier%C3%BCst.82031/;;;;;;;;;;;;x
W_L_540;https://forums.massivecraft.com/threads/house-du-brier%C3%BCst.82031/;;;;;;;;;;;;x
W_L_541;https://forums.massivecraft.com/threads/house-du-brier%C3%BCst.82031/;;;;;;;;;;;;x
W_L_542;https://forums.massivecraft.com/threads/house-du-brier%C3%BCst.82031/;;;;;;;;;;;;x
W_L_547;https://forums.massivecraft.com/threads/house-du-brier%C3%BCst.82031/;;;;;;;;;;;;x
W_L_548;https://forums.massivecraft.com/threads/house-du-brier%C3%BCst.82031/;;;;;;;;;;;;x
W_L_549;https://forums.massivecraft.com/threads/house-du-brier%C3%BCst.82031/;;;;;;;;;;;;x
W_L_550;https://forums.massivecraft.com/threads/house-du-brier%C3%BCst.82031/;;;;;;;;;;;;x
W_L_551;https://forums.massivecraft.com/threads/house-du-brier%C3%BCst.82031/;;;;;;;;;;;;x
W_L_553;https://forums.massivecraft.com/threads/house-du-brier%C3%BCst.82031/;;;;;;;;;;;;x
W_L_555;https://forums.massivecraft.com/threads/house-du-brier%C3%BCst.82031/;;;;;;;;;;;;x
W_L_556;https://forums.massivecraft.com/threads/house-du-brier%C3%BCst.82031/;;;;;;;;;;;;x
W_L_557;https://forums.massivecraft.com/threads/house-du-brier%C3%BCst.82031/;;;;;;;;;;;;x
W_L_560;https://forums.massivecraft.com/threads/house-du-brier%C3%BCst.82031/;;;;;;;;;;;;x
W_L_561;https://forums.massivecraft.com/threads/house-du-brier%C3%BCst.82031/;;;;;;;;;;;;x
W_L_562;https://forums.massivecraft.com/threads/house-du-brier%C3%BCst.82031/;;;;;;;;;;;;x
W_L_563;https://forums.massivecraft.com/threads/house-du-brier%C3%BCst.82031/;;;;;;;;;;;;x
W_L_565;https://forums.massivecraft.com/threads/house-du-brier%C3%BCst.82031/;;;;;;;;;;;;x
W_L_568;https://forums.massivecraft.com/threads/house-du-brier%C3%BCst.82031/;;;;;;;;;;;;x
W_L_569;https://forums.massivecraft.com/threads/house-du-brier%C3%BCst.82031/;;;;;;;;;;;;x
W_L_571;https://forums.massivecraft.com/threads/house-du-brier%C3%BCst.82031/;;;;;;;;;;;;x
W_L_574;https://forums.massivecraft.com/threads/house-du-brier%C3%BCst.82031/;;;;;;;;;;;;x
W_L_575;https://forums.massivecraft.com/threads/house-du-brier%C3%BCst.82031/;;;;;;;;;;;;x
W_L_577;https://forums.massivecraft.com/threads/house-du-brier%C3%BCst.82031/;;;;;;;;;;;;x
W_L_578;https://wiki.massivecraft.com/Regalian_Actors#Duchy-Elect_of_Westdale;;;;;;;;;;;;x
W_L_579;https://forums.massivecraft.com/threads/house-du-brier%C3%BCst.82031/;;;;;;;;;;;;x
W_L_580;https://forums.massivecraft.com/threads/house-du-brier%C3%BCst.82031/;;;;;;;;;;;;x
W_L_581;https://forums.massivecraft.com/threads/house-wodenstaff.44594/;;;;;;;;;;;;x
W_L_583;https://forums.massivecraft.com/threads/house-wodenstaff.44594/;;;;;;;;;;;;x
W_L_584;https://forums.massivecraft.com/threads/house-wodenstaff.44594/;;;;;;;;;;;;x
W_L_585;https://forums.massivecraft.com/threads/house-wodenstaff.44594/;;;;;;;;;;;;x
W_L_586;https://forums.massivecraft.com/threads/house-wodenstaff.44594/;;;;;;;;;;;;x
W_L_587;https://forums.massivecraft.com/threads/house-wodenstaff.44594/;;;;;;;;;;;;x
W_L_588;https://forums.massivecraft.com/threads/house-wodenstaff.44594/;;;;;;;;;;;;x
W_L_589;https://forums.massivecraft.com/threads/house-wodenstaff.44594/;;;;;;;;;;;;x
W_L_594;https://forums.massivecraft.com/threads/house-wodenstaff.44594/;;;;;;;;;;;;x
W_L_595;https://forums.massivecraft.com/threads/house-wodenstaff.44594/;;;;;;;;;;;;x
W_L_596;https://forums.massivecraft.com/threads/house-wodenstaff.44594/;;;;;;;;;;;;x
W_L_597;https://forums.massivecraft.com/threads/house-wodenstaff.44594/;;;;;;;;;;;;x
W_L_598;https://forums.massivecraft.com/threads/house-wodenstaff.44594/;;;;;;;;;;;;x
W_L_599;https://forums.massivecraft.com/threads/house-wodenstaff.44594/;;;;;;;;;;;;x
W_L_600;https://forums.massivecraft.com/threads/house-wodenstaff.44594/;;;;;;;;;;;;x
W_L_601;https://forums.massivecraft.com/threads/house-wodenstaff.44594/;;;;;;;;;;;;x
W_L_602;https://forums.massivecraft.com/threads/house-wodenstaff.44594/;;;;;;;;;;;;x
W_L_603;https://forums.massivecraft.com/threads/house-wodenstaff.44594/;;;;;;;;;;;;x
W_L_604;https://forums.massivecraft.com/threads/house-wodenstaff.44594/;;;;;;;;;;;;x
W_L_606;https://forums.massivecraft.com/threads/house-wodenstaff.44594/;;;;;;;;;;;;x
W_L_607;https://forums.massivecraft.com/threads/house-wodenstaff.44594/;;;;;;;;;;;;x
W_L_609;https://forums.massivecraft.com/threads/house-wodenstaff.44594/;;;;;;;;;;;;x
W_L_610;https://forums.massivecraft.com/threads/house-wodenstaff.44594/;;;;;;;;;;;;x
W_L_611;https://forums.massivecraft.com/threads/house-wodenstaff.44594/;;;;;;;;;;;;x
W_L_614;https://forums.massivecraft.com/threads/house-wodenstaff.44594/;;;;;;;;;;;;x
W_L_615;https://forums.massivecraft.com/threads/house-viduggla.54543/;;;;;;;;;;;;x
W_L_617;https://forums.massivecraft.com/threads/house-viduggla.54543/;;;;;;;;;;;;x
W_L_619;https://forums.massivecraft.com/threads/house-viduggla.54543/;;;;;;;;;;;;x
W_L_621;https://forums.massivecraft.com/threads/house-viduggla.54543/;;;;;;;;;;;;x
W_L_623;https://forums.massivecraft.com/threads/house-litvinova.95026/;;;;;;;;;;;;x
W_L_625;https://forums.massivecraft.com/threads/house-viduggla.54543/;;;;;;;;;;;;x
W_L_626;https://forums.massivecraft.com/threads/house-viduggla.54543/;;;;;;;;;;;;x
W_L_627;https://forums.massivecraft.com/threads/house-viduggla.54543/;;;;;;;;;;;;x
W_L_628;https://forums.massivecraft.com/threads/house-viduggla.54543/;;;;;;;;;;;;x
W_L_629;https://forums.massivecraft.com/threads/house-viduggla.54543/;;;;;;;;;;;;x
W_L_630;https://forums.massivecraft.com/threads/house-felariell.104120/;;;;;;;;;;;;x
W_L_631;https://forums.massivecraft.com/threads/house-felariell.104120/;;;;;;;;;;;;x
W_L_632;https://forums.massivecraft.com/threads/house-felariell.104120/;;;;;;;;;;;;x
W_L_633;https://forums.massivecraft.com/threads/house-felariell.104120/;;;;;;;;;;;;x
W_L_634;https://forums.massivecraft.com/threads/house-felariell.104120/;;;;;;;;;;;;x
W_L_635;https://forums.massivecraft.com/threads/house-felariell.104120/;;;;;;;;;;;;x
W_L_636;https://forums.massivecraft.com/threads/house-felariell.104120/;;;;;;;;;;;;x
W_L_637;https://forums.massivecraft.com/threads/house-felariell.104120/;;;;;;;;;;;;x
W_L_638;https://forums.massivecraft.com/threads/house-felariell.104120/;;;;;;;;;;;;x
W_L_661;https://wiki.massivecraft.com/Regalian_Actors#Viceroyalty_of_Rosaria;;;;;;;;;;;;x
W_L_663;https://forums.massivecraft.com/threads/house-du-poncaire.98084/;;;;;;;;;;;;x
W_L_664;https://forums.massivecraft.com/threads/house-du-poncaire.98084/;;;;;;;;;;;;x
W_L_665;https://forums.massivecraft.com/threads/house-peirgarten.54797/;;;;;;;;;;;;x
W_L_666;https://forums.massivecraft.com/threads/house-du-poncaire.98084/;;;;;;;;;;;;x
W_L_667;https://forums.massivecraft.com/threads/house-du-poncaire.98084/;;;;;;;;;;;;x
W_L_668;https://forums.massivecraft.com/threads/house-du-poncaire.98084/;;;;;;;;;;;;x
W_L_672;https://forums.massivecraft.com/threads/house-valloaan-master-thread.102706/;;;;;;;;;;;;x
W_L_673;https://forums.massivecraft.com/threads/house-valloaan-master-thread.102706/;;;;;;;;;;;;x
W_L_674;https://forums.massivecraft.com/threads/house-valloaan-master-thread.102706/;;;;;;;;;;;;x
W_L_675;https://forums.massivecraft.com/threads/house-valloaan-master-thread.102706/;;;;;;;;;;;;x
W_L_676;https://forums.massivecraft.com/threads/house-valloaan-master-thread.102706/;;;;;;;;;;;;x
W_L_677;https://forums.massivecraft.com/threads/house-valloaan-master-thread.102706/;;;;;;;;;;;;x
W_L_678;https://forums.massivecraft.com/threads/house-valloaan-master-thread.102706/;;;;;;;;;;;;x
W_L_680;https://forums.massivecraft.com/threads/house-valloaan-master-thread.102706/;;;;;;;;;;;;x
W_L_681;https://forums.massivecraft.com/threads/house-valloaan-master-thread.102706/;;;;;;;;;;;;x
W_L_683;https://forums.massivecraft.com/threads/house-avalleia.80083/;;;;;;;;;;;;x
W_L_684;https://forums.massivecraft.com/threads/house-avalleia.80083/;;;;;;;;;;;;x
W_L_686;https://forums.massivecraft.com/threads/house-avalleia.80083/;;;;;;;;;;;;x
W_L_687;https://forums.massivecraft.com/threads/house-avalleia.80083/;;;;;;;;;;;;x
W_L_688;https://forums.massivecraft.com/threads/house-avalleia.80083/;;;;;;;;;;;;x
W_L_689;https://forums.massivecraft.com/threads/house-avalleia.80083/;;;;;;;;;;;;x
W_L_691;https://forums.massivecraft.com/threads/house-avalleia.80083/;;;;;;;;;;;;x
W_L_692;https://forums.massivecraft.com/threads/house-avalleia.80083/;;;;;;;;;;;;x
W_L_694;https://forums.massivecraft.com/threads/house-avalleia.80083/;;;;;;;;;;;;x
W_L_695;https://forums.massivecraft.com/threads/house-avalleia.80083/;;;;;;;;;;;;x
W_L_696;https://forums.massivecraft.com/threads/house-avalleia.80083/;;;;;;;;;;;;x
W_L_697;https://forums.massivecraft.com/threads/house-avalleia.80083/;;;;;;;;;;;;x
W_L_698;https://forums.massivecraft.com/threads/house-avalleia.80083/;;;;;;;;;;;;x
W_L_700;https://forums.massivecraft.com/threads/house-avalleia.80083/;;;;;;;;;;;;x
W_L_701;https://forums.massivecraft.com/threads/house-avalleia.80083/;;;;;;;;;;;;x
W_L_703;https://forums.massivecraft.com/threads/house-avalleia.80083/;;;;;;;;;;;;x
W_L_704;https://forums.massivecraft.com/threads/house-avalleia.80083/;;;;;;;;;;;;x
W_L_705;https://forums.massivecraft.com/threads/house-avalleia.80083/;;;;;;;;;;;;x
W_L_706;https://forums.massivecraft.com/threads/house-avalleia.80083/;;;;;;;;;;;;x
W_L_708;https://forums.massivecraft.com/threads/house-avalleia.80083/;;;;;;;;;;;;x
W_L_709;https://forums.massivecraft.com/threads/house-avalleia.80083/;;;;;;;;;;;;x
W_L_713;https://forums.massivecraft.com/threads/house-peirgarten.54797/;;;;;;;;;;;;x
W_L_715;https://forums.massivecraft.com/threads/house-peirgarten.54797/;;;;;;;;;;;;x
W_L_717;https://forums.massivecraft.com/threads/house-peirgarten.54797/;;;;;;;;;;;;x
W_L_719;https://forums.massivecraft.com/threads/house-peirgarten.54797/;;;;;;;;;;;;x
W_L_720;https://forums.massivecraft.com/threads/house-peirgarten.54797/;;;;;;;;;;;;x
W_L_721;https://forums.massivecraft.com/threads/house-peirgarten.54797/;;;;;;;;;;;;x
W_L_722;https://forums.massivecraft.com/threads/house-peirgarten.54797/;;;;;;;;;;;;x
W_L_723;https://forums.massivecraft.com/threads/house-peirgarten.54797/;;;;;;;;;;;;x
W_L_724;https://forums.massivecraft.com/threads/house-peirgarten.54797/;;;;;;;;;;;;x
W_L_725;https://forums.massivecraft.com/threads/house-peirgarten.54797/;;;;;;;;;;;;x
W_L_727;https://forums.massivecraft.com/threads/house-peirgarten.54797/;;;;;;;;;;;;x
W_L_728;https://forums.massivecraft.com/threads/house-peirgarten.54797/;;;;;;;;;;;;x
W_L_729;https://forums.massivecraft.com/threads/house-peirgarten.54797/;;;;;;;;;;;;x
W_L_730;https://forums.massivecraft.com/threads/house-peirgarten.54797/;;;;;;;;;;;;x
W_L_731;https://forums.massivecraft.com/threads/house-peirgarten.54797/;;;;;;;;;;;;x
W_L_733;https://forums.massivecraft.com/threads/house-howlester.42077/;;;;;;;;;;;;x
W_L_743;https://forums.massivecraft.com/threads/house-mac-conall.86668/;;;;;;;;;;;;x
W_L_745;https://forums.massivecraft.com/threads/house-mac-conall.86668/;;;;;;;;;;;;x
W_L_747;https://forums.massivecraft.com/threads/house-mac-conall.86668/;;;;;;;;;;;;x
W_L_749;https://forums.massivecraft.com/threads/house-mac-conall.86668/;;;;;;;;;;;;x
W_L_751;https://forums.massivecraft.com/threads/house-mac-conall.86668/;;;;;;;;;;;;x
W_L_753;https://forums.massivecraft.com/threads/house-mac-conall.86668/;;;;;;;;;;;;x
W_L_755;https://forums.massivecraft.com/threads/house-mac-conall.86668/;;;;;;;;;;;;x
W_L_757;https://forums.massivecraft.com/threads/house-mac-conall.86668/;;;;;;;;;;;;x
W_L_758;https://forums.massivecraft.com/threads/house-mac-conall.86668/;;;;;;;;;;;;x
W_L_759;https://forums.massivecraft.com/threads/house-mac-conall.86668/;;;;;;;;;;;;x
W_L_760;https://forums.massivecraft.com/threads/house-mac-conall.86668/;;;;;;;;;;;;x
W_L_761;https://forums.massivecraft.com/threads/house-mac-conall.86668/;;;;;;;;;;;;x
W_L_762;https://forums.massivecraft.com/threads/house-mac-conall.86668/;;;;;;;;;;;;x
W_L_763;https://forums.massivecraft.com/threads/house-mac-conall.86668/;;;;;;;;;;;;x
W_L_764;https://forums.massivecraft.com/threads/house-mac-conall.86668/;;;;;;;;;;;;x
W_L_765;https://forums.massivecraft.com/threads/house-mac-conall.86668/;;;;;;;;;;;;x
W_L_766;https://forums.massivecraft.com/threads/house-mac-conall.86668/;;;;;;;;;;;;x
W_L_767;https://forums.massivecraft.com/threads/house-mac-conall.86668/;;;;;;;;;;;;x
W_L_769;https://forums.massivecraft.com/threads/house-mac-conall.86668/;;;;;;;;;;;;x
W_L_770;https://forums.massivecraft.com/threads/house-mac-conall.86668/;;;;;;;;;;;;x
W_L_772;https://forums.massivecraft.com/threads/house-deceres.92635/;;;;;;;;;;;;x
W_L_773;https://forums.massivecraft.com/threads/house-deceres.92635/;;;;;;;;;;;;x
W_L_774;https://forums.massivecraft.com/threads/house-deceres.92635/;;;;;;;;;;;;x
W_L_776;https://forums.massivecraft.com/threads/house-litvinova.95026/;;;;;;;;;;;;x
W_L_777;https://forums.massivecraft.com/threads/house-litvinova.95026/;;;;;;;;;;;;x
W_L_779;https://forums.massivecraft.com/threads/house-litvinova.95026/;;;;;;;;;;;;x
W_L_780;https://forums.massivecraft.com/threads/house-litvinova.95026/;;;;;;;;;;;;x
W_L_781;https://forums.massivecraft.com/threads/house-litvinova.95026/;;;;;;;;;;;;x
W_L_786;https://forums.massivecraft.com/threads/house-litvinova.95026/;;;;;;;;;;;;x
W_L_788;https://forums.massivecraft.com/threads/house-litvinova.95026/;;;;;;;;;;;;x
W_L_789;https://forums.massivecraft.com/threads/house-litvinova.95026/;;;;;;;;;;;;x
W_L_790;https://forums.massivecraft.com/threads/house-litvinova.95026/;;;;;;;;;;;;x
W_L_791;https://forums.massivecraft.com/threads/house-litvinova.95026/;;;;;;;;;;;;x
W_L_792;https://forums.massivecraft.com/threads/house-viduggla.54543/;;;;;;;;;;;;x
W_L_793;https://forums.massivecraft.com/threads/house-viduggla.54543/;;;;;;;;;;;;x
W_L_795;https://forums.massivecraft.com/threads/house-viduggla.54543/;;;;;;;;;;;;x
W_L_796;https://forums.massivecraft.com/threads/house-viduggla.54543/;;;;;;;;;;;;x
W_L_799;https://forums.massivecraft.com/threads/house-viduggla.54543/;;;;;;;;;;;;x
W_L_801;https://forums.massivecraft.com/threads/house-viduggla.54543/;;;;;;;;;;;;x
W_L_810;https://forums.massivecraft.com/threads/house-Óltorskr.108659/;;;;;;;;;;;;x
W_L_812;https://forums.massivecraft.com/threads/house-petrou.83899/;;;;;;;;;;;;x
W_L_813;https://forums.massivecraft.com/threads/house-petrou.83899/;;;;;;;;;;;;x
W_L_815;https://forums.massivecraft.com/threads/house-petrou.83899/;;;;;;;;;;;;x
W_L_816;https://forums.massivecraft.com/threads/house-petrou.83899/;;;;;;;;;;;;x
W_L_817;https://forums.massivecraft.com/threads/house-petrou.83899/;;;;;;;;;;;;x
W_L_818;https://forums.massivecraft.com/threads/house-petrou.83899/;;;;;;;;;;;;x
W_L_819;https://forums.massivecraft.com/threads/house-petrou.83899/;;;;;;;;;;;;x
W_L_822;https://forums.massivecraft.com/threads/house-petrou.83899/;;;;;;;;;;;;x
W_L_824;https://forums.massivecraft.com/threads/house-petrou.83899/;;;;;;;;;;;;x
W_L_826;https://forums.massivecraft.com/threads/house-petrou.83899/;;;;;;;;;;;;x
W_L_827;https://forums.massivecraft.com/threads/house-petrou.83899/;;;;;;;;;;;;x
W_L_828;https://forums.massivecraft.com/threads/house-petrou.83899/;;;;;;;;;;;;x
W_L_829;https://forums.massivecraft.com/threads/house-petrou.83899/;;;;;;;;;;;;x
W_L_831;https://forums.massivecraft.com/threads/house-petrou.83899/;;;;;;;;;;;;x
W_L_832;https://forums.massivecraft.com/threads/house-petrou.83899/;;;;;;;;;;;;x
W_L_862;https://forums.massivecraft.com/threads/aristocratic-house-rote.79487/;;;;;;;;;;;;x
W_L_863;https://forums.massivecraft.com/threads/aristocratic-house-rote.79487/;;;;;;;;;;;;x
W_L_865;https://forums.massivecraft.com/threads/aristocratic-house-rote.79487/;;;;;;;;;;;;x
W_L_866;https://forums.massivecraft.com/threads/aristocratic-house-rote.79487/;;;;;;;;;;;;x
W_L_867;https://forums.massivecraft.com/threads/aristocratic-house-rote.79487/;;;;;;;;;;;;x
W_L_868;https://forums.massivecraft.com/threads/aristocratic-house-rote.79487/;;;;;;;;;;;;x
W_L_869;https://forums.massivecraft.com/threads/aristocratic-house-rote.79487/;;;;;;;;;;;;x
W_L_870;https://forums.massivecraft.com/threads/aristocratic-house-rote.79487/;;;;;;;;;;;;x
W_L_871;https://forums.massivecraft.com/threads/aristocratic-house-rote.79487/;;;;;;;;;;;;x
W_L_872;https://forums.massivecraft.com/threads/aristocratic-house-rote.79487/;;;;;;;;;;;;x
W_L_873;https://forums.massivecraft.com/threads/aristocratic-house-rote.79487/;;;;;;;;;;;;x
W_L_874;https://forums.massivecraft.com/threads/aristocratic-house-rote.79487/;;;;;;;;;;;;x
W_L_875;https://forums.massivecraft.com/threads/aristocratic-house-rote.79487/;;;;;;;;;;;;x
W_L_876;https://forums.massivecraft.com/threads/aristocratic-house-rote.79487/;;;;;;;;;;;;x
W_L_878;https://forums.massivecraft.com/threads/aristocratic-house-rote.79487/;;;;;;;;;;;;x
W_L_879;https://forums.massivecraft.com/threads/aristocratic-house-rote.79487/;;;;;;;;;;;;x
W_L_880;https://forums.massivecraft.com/threads/aristocratic-house-rote.79487/;;;;;;;;;;;;x
W_L_881;https://forums.massivecraft.com/threads/aristocratic-house-rote.79487/;;;;;;;;;;;;x
W_L_882;https://forums.massivecraft.com/threads/aristocratic-house-rote.79487/;;;;;;;;;;;;x
W_L_884;https://forums.massivecraft.com/threads/aristocratic-house-rote.79487/;;;;;;;;;;;;x
W_L_885;https://forums.massivecraft.com/threads/aristocratic-house-rote.79487/;;;;;;;;;;;;x
W_L_886;https://forums.massivecraft.com/threads/aristocratic-house-rote.79487/;;;;;;;;;;;;x
W_L_887;https://forums.massivecraft.com/threads/aristocratic-house-rote.79487/;;;;;;;;;;;;x
W_L_888;https://forums.massivecraft.com/threads/aristocratic-house-rote.79487/;;;;;;;;;;;;x
W_L_889;https://forums.massivecraft.com/threads/aristocratic-house-rote.79487/;;;;;;;;;;;;x
W_L_891;https://forums.massivecraft.com/threads/house-beauchêne.109287/;;;;;;;;;;;;x
W_L_892;https://forums.massivecraft.com/threads/house-de-letoirneau.83490/;;;;;;;;;;;;x
W_L_894;https://forums.massivecraft.com/threads/izel-mecatl.94681/;;;;;;;;;;;;x
W_L_895;https://forums.massivecraft.com/threads/house-vasilev.109226/;;;;;;;;;;;;x
W_L_896;https://forums.massivecraft.com/threads/house-petrovych.110460/;;;;;;;;;;;;x
W_L_897;https://forums.massivecraft.com/threads/house-von-rolanthe.107406/;;;;;;;;;;;;x
W_L_898;https://forums.massivecraft.com/threads/house-von-altenburg.103929/;;;;;;;;;;;;x
W_L_899;https://forums.massivecraft.com/threads/house-kepler.111018/;;;;;;;;;;;;x
W_L_900;https://forums.massivecraft.com/threads/house-nayëlen-suvial-nobles.109717/;;;;;;;;;;;;x
W_L_902;https://forums.massivecraft.com/threads/house-maidment.110529/;;;;;;;;;;;;x
W_L_903;https://forums.massivecraft.com/threads/house-maerfell-master-thread.110755/;;;;;;;;;;;;x
W_L_904;https://forums.massivecraft.com/threads/almar-eidsvik.109977/;;;;;;;;;;;;x
W_L_905;https://forums.massivecraft.com/threads/house-elvaine.110418/;;;;;;;;;;;;x
W_L_906;https://forums.massivecraft.com/threads/house-silverberry.108376/;;;;;;;;;;;;x
W_L_907;https://forums.massivecraft.com/threads/house-monterrosa.107648/;;;;;;;;;;;;x
W_L_908;https://forums.massivecraft.com/threads/house-bavere.109040/;;;;;;;;;;;;x
W_L_909;https://forums.massivecraft.com/threads/the-kham%C3%A1afut.97289/;;;;;;;;;;;;x
W_L_910;https://forums.massivecraft.com/threads/house-di-auriemma-the-eternal-flame.110548/;;;;;;;;;;;;x
W_L_911;https://forums.massivecraft.com/threads/house-altagracia.108058/;;;;;;;;;;;;x
W_L_912;https://forums.massivecraft.com/threads/digmaan-vyzal.86975/;;;;;;;;;;;;x
W_L_915;https://forums.massivecraft.com/threads/house-von-duerr.73463/;;;;;;;;;;;;x
W_L_916;https://forums.massivecraft.com/threads/house-thorner-the-black-sheep.111039/;;;;;;;;;;;;x
W_L_917;https://forums.massivecraft.com/threads/house-wulfmacht.92738/;;;;;;;;;;;;x
W_L_918;https://forums.massivecraft.com/threads/house-van-hal.93360/;;;;;;;;;;;;x
W_L_920;https://wiki.massivecraft.com/Regalian_Actors#Viceroyalty_of_Rosaria;;;;;;;;;;;;x
W_L_921;https://forums.massivecraft.com/threads/house-krupp.72402/;;;;;;;;;;;;x
W_L_922;https://forums.massivecraft.com/threads/house-spathous.93949/;;;;;;;;;;;;x
W_L_924;https://forums.massivecraft.com/threads/house-alein-teled-lanlath-nobles.109571/;;;;;;;;;;;;x
W_L_925;https://forums.massivecraft.com/threads/house-norinn.105435/;;;;;;;;;;;;x
W_L_996;https://wiki.massivecraft.com/Regalian_Actors#Duchy-Elect_of_Tirgunn;;;;;;;;;;;;x
W_L_1028;https://forums.massivecraft.com/threads/house-di-orazio.87520/;;;;;;;;;;;;x
W_L_1030;https://forums.massivecraft.com/threads/house-paganelli.110876/;;;;;;;;;;;;x
W_L_1031;https://forums.massivecraft.com/threads/house-paganelli.110876/;;;;;;;;;;;;x
W_L_1032;https://forums.massivecraft.com/threads/house-paganelli.110876/;;;;;;;;;;;;x
W_L_1033;https://forums.massivecraft.com/threads/house-paganelli.110876/;;;;;;;;;;;;x
W_L_1034;https://forums.massivecraft.com/threads/house-paganelli.110876/;;;;;;;;;;;;x
W_L_1035;https://forums.massivecraft.com/threads/house-paganelli.110876/;;;;;;;;;;;;x
W_L_1036;https://forums.massivecraft.com/threads/house-paganelli.110876/;;;;;;;;;;;;x
W_L_1037;https://forums.massivecraft.com/threads/house-paganelli.110876/;;;;;;;;;;;;x
W_L_1038;https://forums.massivecraft.com/threads/house-paganelli.110876/;;;;;;;;;;;;x
W_L_1055;https://forums.massivecraft.com/threads/house-bavere.109040/;;;;;;;;;;;;x
W_L_1056;https://forums.massivecraft.com/threads/house-bavere.109040/;;;;;;;;;;;;x
W_L_1057;https://forums.massivecraft.com/threads/house-delmotte.75683/;;;;;;;;;;;;x
W_L_1058;https://forums.massivecraft.com/threads/house-delmotte.75683/;;;;;;;;;;;;x
W_L_1059;https://forums.massivecraft.com/threads/house-delmotte.75683/;;;;;;;;;;;;x
W_L_1060;https://forums.massivecraft.com/threads/house-delmotte.75683/;;;;;;;;;;;;x
W_L_1061;https://forums.massivecraft.com/threads/house-spathous.93949/;;;;;;;;;;;;x
W_L_1062;https://forums.massivecraft.com/threads/house-spathous.93949/;;;;;;;;;;;;x
W_L_1063;https://forums.massivecraft.com/threads/house-spathous.93949/;;;;;;;;;;;;x
W_L_1064;https://forums.massivecraft.com/threads/house-spathous.93949/;;;;;;;;;;;;x
W_L_1067;https://forums.massivecraft.com/threads/house-spathous.93949/;;;;;;;;;;;;x
W_L_1069;https://forums.massivecraft.com/threads/the-novak-court.98608/;;;;;;;;;;;;x
W_L_1070;https://forums.massivecraft.com/threads/the-novak-court.98608/;;;;;;;;;;;;x
W_L_1071;https://forums.massivecraft.com/threads/the-novak-court.98608/;;;;;;;;;;;;x
W_L_1072;https://forums.massivecraft.com/threads/the-novak-court.98608/;;;;;;;;;;;;x
W_L_1073;https://forums.massivecraft.com/threads/the-novak-court.98608/;;;;;;;;;;;;x
W_L_1074;https://forums.massivecraft.com/threads/the-novak-court.98608/;;;;;;;;;;;;x
W_L_1075;https://forums.massivecraft.com/threads/the-novak-court.98608/;;;;;;;;;;;;x
W_L_1076;https://forums.massivecraft.com/threads/the-novak-court.98608/;;;;;;;;;;;;x
W_L_1077;https://forums.massivecraft.com/threads/the-novak-court.98608/;;;;;;;;;;;;x
W_L_1078;https://forums.massivecraft.com/threads/the-novak-court.98608/;;;;;;;;;;;;x
W_L_1080;https://forums.massivecraft.com/threads/the-novak-court.98608/;;;;;;;;;;;;x
W_L_1081;https://forums.massivecraft.com/threads/the-novak-court.98608/;;;;;;;;;;;;x
W_L_1082;https://forums.massivecraft.com/threads/the-novak-court.98608/;;;;;;;;;;;;x
W_L_1083;https://forums.massivecraft.com/threads/the-novak-court.98608/;;;;;;;;;;;;x
W_L_1084;https://forums.massivecraft.com/threads/house-elvaine.110418/;;;;;;;;;;;;x
W_L_1085;https://forums.massivecraft.com/threads/almar-eidsvik.109977/;;;;;;;;;;;;x
W_L_1091;https://forums.massivecraft.com/threads/house-beauchêne.109287/;;;;;;;;;;;;x
W_L_1093;https://wiki.massivecraft.com/Regalian_Actors#Duchy-Elect_of_Westdale;;;;;;;;;;;;x
W_L_1094;https://wiki.massivecraft.com/Regalian_Actors#Duchy-Elect_of_Westdale;;;;;;;;;;;;x
W_L_1096;https://wiki.massivecraft.com/Regalian_Actors#Duchy-Elect_of_Westdale;;;;;;;;;;;;x
W_L_1098;https://forums.massivecraft.com/threads/digmaan-yaotl.77225/;;;;;;;;;;;;x
W_L_1099;https://forums.massivecraft.com/threads/house-salas.107449/;;;;;;;;;;;;x
W_L_1101;https://wiki.massivecraft.com/Regalian_Actors#Duchy-Elect_of_Tirgunn;;;;;;;;;;;;x
W_L_1103;https://wiki.massivecraft.com/Regalian_Actors#Duchy-Elect_of_Tirgunn;;;;;;;;;;;;x
W_L_1104;https://wiki.massivecraft.com/Regalian_Actors#Duchy-Elect_of_Tirgunn;;;;;;;;;;;;x
W_L_1105;https://wiki.massivecraft.com/Regalian_Actors#Duchy-Elect_of_Tirgunn;;;;;;;;;;;;x
W_L_1106;https://wiki.massivecraft.com/Regalian_Actors#Duchy-Elect_of_Tirgunn;;;;;;;;;;;;x
W_L_1107;https://wiki.massivecraft.com/Regalian_Actors#Duchy-Elect_of_Tirgunn;;;;;;;;;;;;x
W_L_1108;https://wiki.massivecraft.com/Regalian_Actors#Duchy-Elect_of_Tirgunn;;;;;;;;;;;;x
W_L_1109;https://wiki.massivecraft.com/Regalian_Actors#Duchy-Elect_of_Tirgunn;;;;;;;;;;;;x
W_L_1110;https://wiki.massivecraft.com/Regalian_Actors#Duchy-Elect_of_Tirgunn;;;;;;;;;;;;x
W_L_1111;https://forums.massivecraft.com/threads/house-zu-ferrol.110789/;;;;;;;;;;;;x
W_L_1112;https://forums.massivecraft.com/threads/house-von-rolanthe.107406/;;;;;;;;;;;;x
W_L_1113;https://forums.massivecraft.com/threads/house-von-rolanthe.107406/;;;;;;;;;;;;x
W_L_1114;https://forums.massivecraft.com/threads/house-von-rolanthe.107406/;;;;;;;;;;;;x
